"sctg2","dms_mode","thousand tons in 1997","thousand tons in 2002","thousand tons in 2007","thousand tons in 2012","thousand tons in 2017","thousand tons in 2018","thousand tons in 2019","thousand tons in 2020","thousand tons in 2021","thousand tons in 2022","thousand tons in 2025","thousand tons in 2030","thousand tons in 2035","thousand tons in 2040","thousand tons in 2045","thousand tons in 2050"
"01-Live animals/fish","1-Truck","103398.6686","103127.6108","106730.9962","99963.0154","89645.0541","91811.4016","95131.8122","95069.926","97196.294","97158.5405","124321.1139","149712.8217","175083.1433","209645.8469","250563.1818","291531.0594"
"01-Live animals/fish","2-Rail","51.8985","9.3249","21.0304","36.6238","0.0843","0.1581","0.4704","0.2581","0.6986","0.0702","0.2166","0.2433","0.2676","0.2925","0.3183","0.3444"
"01-Live animals/fish","3-Water","28.4291","0.5538","0.5079","44.8453","0.0687","0.0175","0.0179","0.0097","0.0122","0","0.0023","0.0025","0.0026","0.0027","0.0028","0.0029"
"01-Live animals/fish","4-Air (include truck-air)","132.5302","35.5146","68.5129","40.2305","12.9387","16.1017","27.0346","36.2429","33.6662","35.4721","14.6796","16.5914","18.4375","20.5572","22.9092","25.4057"
"01-Live animals/fish","5-Multiple modes & mail","20.0014","258.124","52.0221","16.1655","64.6228","57.131","54.8779","53.3714","58.011","63.8877","77.2883","91.576","105.3881","123.4948","144.5413","166.2752"
"01-Live animals/fish","6-Pipeline","0.002","0","0","0","0","0","0","0","0","0","0","0","0","0","0","0"
"01-Live animals/fish","7-Other and unknown","5.0055","4.8822","6.1928","1.264","193.0806","13.9626","46.2182","51.6644","52.4261","118.8259","239.411","240.3271","241.495","242.6808","243.8861","245.1138"
"02-Cereal grains","1-Truck","628102.0097","615828.9026","767687.4495","724513.5186","1019676.4269","998849.5755","962806.4592","984119.7472","1035020.9804","926539.3832","923844.9593","941976.5493","964597.2586","989498.1651","1016665.1809","1050739.5261"
"02-Cereal grains","2-Rail","157331.4979","182876.9456","167149.3364","180511.4238","189691.9182","190086.1472","171921.0313","182647.6733","184671.1185","173474.4785","178712.9603","185247.529","193264.8649","201639.0591","210752.7436","221027.9937"
"02-Cereal grains","3-Water","78564.3274","109147.23","82791.913","25358.0923","73465.2709","68607.6242","59389.4109","65964.1845","73870.8218","66531.7691","63479.2797","66489.6776","69910.5334","73839.3915","78120.8968","83277.3281"
"02-Cereal grains","4-Air (include truck-air)","4.1444","251.2588","2.7432","37.637","1.2348","86.118","81.6717","65.753","48.3607","36.5677","2.4844","2.8641","3.2542","3.7096","4.2225","4.8128"
"02-Cereal grains","5-Multiple modes & mail","20901.618","24943.1062","34894.9318","15787.0731","39517.967","41260.7011","37650.7288","39710.1879","37293.0596","34944.7162","34366.3678","34853.1855","35633.2904","36409.6393","37501.8994","38854.8138"
"02-Cereal grains","6-Pipeline","0.005","0","0","0","0","0","0","0","0","0","0","0","0","0","0","0"
"02-Cereal grains","7-Other and unknown","117.7666","286.1129","34.7385","0.8249","3.9596","0.0081","0.0105","0.0083","0.0111","0.0094","3.8699","4.2126","4.6306","5.0593","5.417","5.829"
"03-Other ag prods.","1-Truck","467922.3643","482203.1102","504708.6184","533585.2479","624820.7481","638181.7765","571051.6053","614977.3243","620898.7461","592091.0577","595425.5626","615345.1153","639320.3034","666331.585","696890.132","730425.5016"
"03-Other ag prods.","2-Rail","20339.1719","29718.5709","17743.1427","26485.2888","56014.4677","55116.6296","52565.2384","59421.5199","60759.5706","58779.9721","53610.434","56336.9068","59526.5029","63169.3154","67516.3666","72138.1133"
"03-Other ag prods.","3-Water","27172.2683","33364.2692","27833.4937","15736.3494","53792.3378","57264.1115","51333.8724","59134.3436","54350.7728","55205.5036","52495.1289","55377.9408","58864.5577","62915.3737","67435.4728","72178.9405"
"03-Other ag prods.","4-Air (include truck-air)","430.7657","112.4308","194.328","168.35","217.3033","209.6213","195.3384","168.7316","185.5495","130.3978","248.9858","277.3003","306.2667","339.3994","377.9394","418.8844"
"03-Other ag prods.","5-Multiple modes & mail","11183.1353","12288.2342","19929.3974","28628.4383","16928.651","16457.4956","14874.998","16069.6175","15619.6919","15496.4377","16708.1855","17971.5978","19426.4861","21038.4774","22888.9949","24766.4742"
"03-Other ag prods.","6-Pipeline","0.001","0","0","0","0","0","0","0","0","0","0","0","0","0","0","0"
"03-Other ag prods.","7-Other and unknown","1524.8837","1772.3798","1984.668","14.7297","222.6251","3.801","4.2318","29.0663","18.9841","25.3752","167.053","191.8678","221.4116","254.6489","289.8034","327.3942"
"04-Animal feed","1-Truck","208025.6028","219725.7549","222543.4078","284742.129","384087.2433","379619.917","384051.263","387783.3539","376769.7219","377611.9156","434184.794","476118.5929","525289.7419","581239.8334","648628.472","721060.053"
"04-Animal feed","2-Rail","21160.9439","26721.3155","26679.7847","23656.8584","33641.1422","27804.913","28630.7822","28101.7316","30239.7803","26790.5613","38641.2299","43581.0777","49787.6139","57163.9247","65763.2111","74583.1842"
"04-Animal feed","3-Water","4532.6886","2065.1035","1182.8588","1488.4641","9351.297","6238.2051","6117.0321","6651.8644","6554.3903","6544.6603","9923.4608","10867.9924","12159.0311","13634.2409","15275.3863","17151.8826"
"04-Animal feed","4-Air (include truck-air)","24.6459","10.0997","7.1577","302.4135","25.2685","90.5107","110.6698","119.751","167.3232","95.8154","45.2902","50.6883","57.792","66.0768","75.7778","86.7235"
"04-Animal feed","5-Multiple modes & mail","11694.1584","11058.1705","17250.7494","8825.1325","24475.7679","22321.419","22589.4299","22778.9019","22187.6399","22078.3069","27406.5488","30539.5508","34122.6544","38228.3108","42827.9571","47802.7927"
"04-Animal feed","7-Other and unknown","3835.0805","2177.6128","2931.7471","1.775","17.0827","0.3352","0.4058","0.357","0.3575","0.2493","10.1826","12.8613","16.2365","20.6736","26.6671","31.4005"
"05-Meat/seafood","1-Truck","89437.7525","97332.0544","112029.7416","95935.1357","100791.1173","101996.1404","103448.9159","104366.3597","105776.4751","106049.3159","109254.5623","117021.2329","125383.6717","134431.7767","144393.7643","155718.7113"
"05-Meat/seafood","2-Rail","1000.583","707.656","594.3534","834.1537","1836.6686","1885.548","1694.8649","1873.0048","2123.0856","2248.3507","2106.2283","2266.5581","2468.9558","2729.9021","3054.1858","3451.3817"
"05-Meat/seafood","3-Water","1370.4814","1175.8476","1231.4761","603.5852","1195.3642","1063.0973","937.8636","964.4672","1123.8538","1113.7137","1016.5756","1028.1367","1048.3423","1105.9613","1174.3698","1263.2922"
"05-Meat/seafood","4-Air (include truck-air)","106.5581","65.985","85.4437","153.3695","203.5299","150.6552","143.2614","125.237","142.6376","144.6467","216.9793","232.018","250.3364","273.1119","299.3929","329.8784"
"05-Meat/seafood","5-Multiple modes & mail","1446.2559","1338.3617","2209.0039","1358.0179","2830.1516","2656.1002","2448.9138","2628.3259","2839.6308","2985.7704","2976.6315","3219.8006","3505.0585","3873.9586","4314.4152","4850.6644"
"05-Meat/seafood","7-Other and unknown","103.9394","156.2343","173.1857","1.7544","6.6058","0.2471","0.0779","0.0559","0.2291","0.1943","6.1548","6.2295","6.4814","6.889","7.4689","8.2461"
"06-Milled grain prods.","1-Truck","91244.2261","105846.2579","119615.7136","98732.7117","120093.3524","119604.9471","120116.3548","120432.08","120575.0629","123216.4403","139025.7927","154507.2132","170924.0299","189101.8463","209080.2833","231458.209"
"06-Milled grain prods.","2-Rail","17039.4869","12617.4461","11257.5624","15523.6548","8018.3786","7847.8063","8062.2071","8050.1747","8057.906","8029.8892","8991.2758","9936.8655","10900.2053","12015.0656","13281.4932","14649.2163"
"06-Milled grain prods.","3-Water","504.899","1000.4842","309.5977","1262.4423","116.0736","56.1231","48.1242","50.4863","55.3694","71.812","190.1038","226.9771","266.695","315.853","376.1582","435.6538"
"06-Milled grain prods.","4-Air (include truck-air)","15.3941","33.9124","12.1693","13.5204","53.2804","26.2593","26.3378","23.9677","27.9032","43.7151","68.3713","77.7147","87.2602","98.467","111.3845","126.1923"
"06-Milled grain prods.","5-Multiple modes & mail","2499.6295","2974.4151","5747.0194","4257.4583","13748.5574","13735.5521","13788.546","13844.4573","13963.7161","14128.4917","15702.9629","17215.7525","18763.2984","20466.3018","22262.1033","24358.3467"
"06-Milled grain prods.","7-Other and unknown","18.9771","31.0761","48.0108","2.4014","14.2306","0.1628","0.5407","0.1428","0.1712","0.161","20.96","22.1028","23.3816","24.8382","26.4951","28.3798"
"07-Other foodstuffs","1-Truck","484205.6431","546597.2312","584312.0987","594090.8664","601891.2104","595222.5588","595123.5211","600633.0424","599750.2732","612876.5849","658845.0626","706528.9277","759667.5007","817821.7209","882388.6019","955484.2285"
"07-Other foodstuffs","2-Rail","32636.3762","45068.2666","31017.8275","48266.6429","38313.9835","34318.7852","33333.3028","33284.9636","33861.4035","34473.0358","42150.3631","45426.3904","49315.3299","53690.681","58753.7788","64590.8467"
"07-Other foodstuffs","3-Water","4490.9545","3309.223","1325.1605","2181.6794","5394.6887","4472.3938","4400.0028","4610.3551","4681.0588","4812.5908","5599.6508","5970.8427","6378.8489","6884.8877","7481.4445","8182.9951"
"07-Other foodstuffs","4-Air (include truck-air)","60.0574","112.4983","92.2197","86.0795","113.009","152.7258","148.6302","161.2298","199.5335","155.6279","127.2005","140.5494","156.1261","174.3917","196.1449","220.973"
"07-Other foodstuffs","5-Multiple modes & mail","9932.6434","7651.1461","15403.1685","20955.9584","38359.1222","36967.6659","36863.1455","37422.8385","37507.1309","38151.4278","41559.9661","43784.0465","46469.2272","49566.0697","53072.5017","57186.1007"
"07-Other foodstuffs","6-Pipeline","0","0","0","0","10.5514","94.0391","50.4931","6.4205","6.8332","30.1596","11.2181","12.7618","14.5432","16.5949","18.9601","21.6896"
"07-Other foodstuffs","7-Other and unknown","396.4698","338.8578","472.39","9.5688","60.6683","13.7171","16.7092","12.5254","14.1524","12.5222","65.6973","71.0046","77.593","85.4481","94.8351","106.0856"
"08-Alcoholic beverages","1-Truck","77073.2756","86482.5754","82758.9136","96640.365","116956.7792","115813.0408","116908.2402","132571.5767","135016.9549","124491.7349","132427.1973","146128.3257","160338.7706","176007.533","193532.4358","213221.9166"
"08-Alcoholic beverages","2-Rail","7774.9234","8016.39","7178.2634","8631.5949","5422.8376","5167.1722","5244.126","5668.4049","6255.9333","6637.7538","5052.3275","5615.9579","6297.9029","7074.8299","7980.1459","8985.7625"
"08-Alcoholic beverages","3-Water","21.678","571.3364","409.6867","401.9938","516.9865","449.1364","441.4455","488.1667","487.4434","507.3141","630.6157","723.3847","816.9841","919.3203","1034.5115","1158.4176"
"08-Alcoholic beverages","4-Air (include truck-air)","20.0321","7.9143","22.4169","13.3561","33.9554","33.0076","29.3163","32.6417","44.0453","38.1421","37.4885","42.042","46.846","52.3148","58.6318","65.75"
"08-Alcoholic beverages","5-Multiple modes & mail","2984.6964","1662.125","3781.7281","5246.906","4790.962","4631.0182","4550.076","5141.0373","5193.5913","4858.9637","5572.7911","6323.32","7058.5922","7872.5242","8803.4042","9846.5282"
"08-Alcoholic beverages","6-Pipeline","113.0628","88.1237","192.9856","0","0","0","0","0","0","0","0","0","0","0","0","0"
"08-Alcoholic beverages","7-Other and unknown","513.0796","273.9307","600.51","134.9191","14.08","0.4964","0.5499","0.4095","0.398","0.3397","16.4635","22.8461","29.7799","37.79","46.9392","55.894"
"09-Tobacco prods.","1-Truck","4967.5355","5164.5733","4257.077","3058.6746","4581.1339","4548.9774","4313.1281","4386.0815","4173.6013","3938.8161","3592.7712","3318.5897","3189.3547","3156.2062","3238.7959","3399.9891"
"09-Tobacco prods.","2-Rail","65.9569","13.2423","2.8305","26.8075","0.2612","0.0974","0.0677","0.0327","0.0816","0.1201","0.4107","0.4962","0.5731","0.6631","0.7687","0.8928"
"09-Tobacco prods.","3-Water","20.1292","0.143","0.0806","17.687","0.6208","0.211","0.1692","0.1816","0.1986","0.1991","1.1798","1.4348","1.7197","2.0618","2.4727","2.966"
"09-Tobacco prods.","4-Air (include truck-air)","27.686","2.1966","1.6117","2.3262","11.3216","7.7191","7.2531","7.2821","7.0562","7.1617","12.1657","12.6129","13.3366","14.5019","15.8374","17.5406"
"09-Tobacco prods.","5-Multiple modes & mail","152.3785","203.4189","95.3381","57.8959","212.9024","223.641","206.8791","211.1565","200.4104","207.0476","209.3044","211.3437","219.6454","240.7372","261.4967","292.3055"
"09-Tobacco prods.","7-Other and unknown","3.6294","2.0843","4.2399","3.5001","0.4422","0.1976","0.171","0.2131","0.1883","0.1715","0.3841","0.4327","0.4824","0.542","0.6138","0.7003"
"10-Building stone","1-Truck","30775.733","29799.7905","56700.8961","29816.1464","16243.605","14978.8272","14199.9171","13257.6378","12995.2665","14100.1203","21102.6277","22829.7781","24359.4094","25863.2262","26903.0729","28222.1769"
"10-Building stone","2-Rail","86.6491","10.3222","211.4623","924.9166","33.0918","37.8702","39.8034","32.2742","37.9284","35.076","40.5784","45.072","49.3622","54.062","58.6376","64.3495"
"10-Building stone","3-Water","10.8887","22.843","81.7841","28.7446","4.0935","4.9548","5.1887","5.9749","8.3739","11.5146","3.565","3.8514","4.0897","4.3485","4.6296","4.935"
"10-Building stone","4-Air (include truck-air)","0.492","0","0.0888","0.7278","0.1211","0.5527","0.5742","0.3828","0.2801","0.3504","0.1283","0.1444","0.155","0.1542","0.1761","0.194"
"10-Building stone","5-Multiple modes & mail","86.4668","295.82","609.3016","522.6294","237.0312","206.4499","194.9051","177.8213","178.4648","186.1018","295.9743","325.5632","348.7335","370.0223","389.8446","413.952"
"10-Building stone","7-Other and unknown","0.5153","3.5911","73.8422","0.1118","0.3788","0.0575","0.0047","0","0","0","0.3778","0.3794","0.382","0.3858","0.3911","0.3989"
"11-Natural sands","1-Truck","490768.1004","488666.0566","535863.5733","515768.3081","483091.5124","515882.3188","522773.5647","494548.7265","517402.8809","567470.8623","586521.5747","622321.1059","651237.0409","678650.1306","705343.5184","737490.2521"
"11-Natural sands","2-Rail","11308.0842","23330.5124","18382.0646","24370.5944","93656.6894","101661.2686","97842.6429","86698.6285","93772.807","87181.7583","114995.8011","120953.6352","126848.3566","133599.3212","140595.9531","149477.9157"
"11-Natural sands","3-Water","10582.6116","13493.6045","5569.6233","3477.4811","10860.9822","10595.568","9506.9615","9255.2375","8404.5818","6074.8307","13362.1268","13650.0283","14425.6946","14998.8822","15846.4473","16669.1515"
"11-Natural sands","4-Air (include truck-air)","6.0216","9.2744","43.3293","4.2771","2.1708","18.4781","34.4093","26.4739","26.8684","47.7041","1.9459","2.4093","2.9116","3.5204","4.2566","5.149"
"11-Natural sands","5-Multiple modes & mail","1322.4166","1285.0055","15881.5557","5915.2519","36359.5431","39401.8582","36447.985","30393.9359","31403.2901","33865.2418","43376.2685","44635.5719","46531.5103","48416.9266","50652.6794","53076.6964"
"11-Natural sands","6-Pipeline","0","85.8394","0","0","0","0","0","0","0","0","0","0","0","0","0","0"
"11-Natural sands","7-Other and unknown","5.4062","13.8619","305.9611","5.812","161.5559","8.3426","20.2911","26.7412","13.9903","9.897","276.2147","315.3846","355.0773","413.3196","467.151","544.0266"
"12-Gravel","1-Truck","1923101.5036","1897610.8632","2082742.593","1589023.0202","1712767.869","1726185.6508","1789063.7664","1779477.0707","1867022.3604","1839068.3778","1871920.6818","2026033.6044","2105195.1864","2240521.8571","2470890.8586","2735925.3765"
"12-Gravel","2-Rail","52346.1208","86934.3982","83211.8737","74599.4013","100788.8509","98551.8844","101705.9294","100801.513","105106.9518","102047.3559","107755.6675","116939.0444","121877.1475","130582.9245","145210.8164","160904.8944"
"12-Gravel","3-Water","48910.8221","77112.2692","50886.9639","55845.707","61010.145","61944.927","63488.2684","61657.5255","63846.6614","61861.1342","68692.5032","72939.6448","75027.7253","78691.7352","86102.6516","94925.5159"
"12-Gravel","4-Air (include truck-air)","0.1102","0.0783","1.969","0.3974","0","8.1225","8.9859","4.0924","8.7713","10.1517","0","0","0","0","0","0"
"12-Gravel","5-Multiple modes & mail","21036.279","12468.1598","69208.6849","34252.7893","21784.1487","19672.469","20782.8542","20737.8414","22049.0328","21013.5894","24745.2279","26709.4702","27922.3224","29848.2681","32998.2668","36512.3902"
"12-Gravel","6-Pipeline","0","0","0","418.607","10.4108","240.9779","119.288","29.8834","98.237","69.4989","15.6566","19.2093","22.6879","26.7968","31.6505","37.384"
"12-Gravel","7-Other and unknown","2019.5435","1974.2858","705.4037","4.9534","9803.5953","10419.4103","10921.5538","10635.7434","10256.4284","10540.0463","11028.273","12028.4992","12491.6418","13190.4925","14184.5389","15474.4186"
"13-Nonmetallic minerals","1-Truck","222259.3366","193038.6534","271881.464","136972.2204","225798.4988","221110.173","217029.048","217966.328","228054.1448","219913.4223","250046.9156","271334.5779","284845.7583","306159.6231","339733.8096","378145.8472"
"13-Nonmetallic minerals","2-Rail","44434.7299","40833.5185","34463.8189","28184.2117","21082.3061","20912.5645","19717.0373","18353.6034","19688.9032","18228.2767","26046.1504","28879.4121","31640.2243","35246.8497","39672.9845","44885.9561"
"13-Nonmetallic minerals","3-Water","15837.008","7430.3806","16632.9925","17836.7116","19147.3754","20926.6867","18191.6783","17078.7309","18439.0754","19059.3772","21232.8955","23577.7861","25525.6835","28010.7241","31451.4896","35267.3744"
"13-Nonmetallic minerals","4-Air (include truck-air)","19.1211","5.947","98.9367","9.8793","7.0037","32.7527","24.7297","26.4708","46.3475","45.5334","6.7572","7.6395","8.3955","9.2658","10.2898","11.4513"
"13-Nonmetallic minerals","5-Multiple modes & mail","11645.9643","6670.052","15171.1747","6069.0552","15079.789","12897.5797","12316.7367","11443.313","12647.4452","12720.5821","16167.5331","17539.5546","18597.9434","20182.6599","22527.4644","25304.8201"
"13-Nonmetallic minerals","6-Pipeline","2.0527","0.037","0","2509.958","11052.6775","11210.9544","11127.9668","10391.339","10889.5919","10836.6988","12035.7551","13102.2231","13659.1923","14599.1308","16174.4359","17946.8532"
"13-Nonmetallic minerals","7-Other and unknown","1557.0351","2012.0345","2059.9758","17.641","2758.8748","2720.9168","2673.6214","2548.7975","2664.1169","2647.7973","3008.4192","3271.0472","3401.5161","3623.5687","4003.2446","4446.2913"
"14-Metallic ores","1-Truck","42266.3685","31092.4878","33856.7394","28270.1934","17207.7773","19296.9311","19446.6105","14605.2444","15055.556","16809.7416","18104.2496","19114.1704","20480.7104","21798.4523","23516.6996","25248.5726"
"14-Metallic ores","2-Rail","52985.0273","41055.332","56447.0229","65757.7057","39944.7669","39712.1377","39730.433","31924.3529","35183.3323","39022.6409","56788.7064","61930.7327","75126.6486","82437.5002","93634.7604","103287.3534"
"14-Metallic ores","3-Water","6655.5233","6868.1865","3498.7588","14789.8328","11002.6511","11885.0116","13173.4957","11160.6809","10658.5113","9753.6835","7592.059","7954.5431","8324.549","8678.4897","9139.408","9462.8292"
"14-Metallic ores","4-Air (include truck-air)","39.3924","1.3749","2.0748","4.195","2.8262","11.3009","5.4549","6.2202","11.3636","9.0735","2.6791","2.7652","2.7578","2.6752","2.7127","2.6407"
"14-Metallic ores","5-Multiple modes & mail","33528.5468","50291.0033","26181.2843","14572.313","24677.5636","25206.1024","23912.23","19483.4925","21167.7266","22374.8378","20573.4777","20035.1766","20095.4956","19695.946","19582.1059","19226.5617"
"14-Metallic ores","6-Pipeline","0.3979","0","0","0","0","0","0","0","0","0","0","0","0","0","0","0"
"14-Metallic ores","7-Other and unknown","607.805","662.3666","483.3562","0.6974","0","0.0181","0.4127","0.2029","0.2979","0.0958","0","0","0","0","0","0"
"15-Coal","1-Truck","291555.2467","227076.9224","254679.0903","245144.2311","146340.5676","172259.6425","156701.9381","120842.1858","126545.5585","133998.9927","134010.3432","97722.2109","64733.2521","49716.1567","39198.0538","32502.983"
"15-Coal","2-Rail","726565.3549","892686.6937","1037706.0604","725038.1929","532139.3074","493050.9248","457428.4051","337928.37","363391.6277","377297.7213","350524.2787","260231.6966","187666.0733","138518.1997","104829.2486","94006.1815"
"15-Coal","3-Water","69502.0915","40204.4344","46302.4615","62929.9191","105903.948","108777.1855","101465.8278","70551.706","75836.3281","78766.0869","86822.2013","61092.6474","38445.7551","28075.0993","21035.4213","18097.9291"
"15-Coal","4-Air (include truck-air)","0.6225","79.2308","0","0.4167","0.0072","1.621","0.5802","0.2268","0.5136","0.5032","0.0089","0.008","0.0073","0.0067","0.0062","0.0058"
"15-Coal","5-Multiple modes & mail","104229.4646","59853.6832","54625.466","56352.0842","28663.6067","29058.4697","26763.1165","19947.2849","21650.6932","21305.3939","30642.9738","23804.1666","17622.8919","14449.4603","12101.1972","10477.5032"
"15-Coal","6-Pipeline","0.0299","0","0","0","0","0","0","0","0","0","0","0","0","0","0","0"
"15-Coal","7-Other and unknown","37359.9397","45000.4041","51521.4459","36841.2475","81374.9437","79904.7606","75691.3649","62256.8046","64765.1777","66469.9528","58541.838","40814.6107","26962.7977","17606.7977","11460.4926","7625.0666"
"16-Crude petroleum","1-Truck","11592.7914","6913.2495","9968.0132","19462.7716","17709.1619","20657.1076","22947.285","20883.0118","20314.6781","21493.1575","21117.4275","23004.2783","23853.4173","24587.9184","21288.2997","19160.1461"
"16-Crude petroleum","2-Rail","1452.386","869.6831","593.8468","38144.2062","21814.2264","31851.9588","38618.8916","29277.7511","25545.8901","24330.3121","23328.6389","26087.8162","27553.9821","29063.1216","27427.9291","26871.7845"
"16-Crude petroleum","3-Water","81332.6801","73779.7938","113630.979","65808.9386","98793.1278","74573.6666","73404.2689","65133.1435","61614.0655","64274.4914","108201.9484","117979.9084","120923.8971","121890.6864","104542.3015","93685.5036"
"16-Crude petroleum","5-Multiple modes & mail","38182.6976","27992.6311","5127.2334","0","0","0.0032","247.5816","602.6919","533.4172","1898.671","0","0","0","0","0","0"
"16-Crude petroleum","6-Pipeline","378587.8826","385867.3483","407357.3782","445002.3049","662225.1522","754475.45","864225.9667","835382.0755","840902.925","874706.6342","886568.1734","1016961.2232","1063513.0228","1092224.9393","991386.5688","954120.5821"
"16-Crude petroleum","7-Other and unknown","19091.3817","33240.8204","0","0","0.3497","0.0407","0.0805","2.0784","0.0282","0.0237","0.3586","0.4198","0.3968","0.3417","0.2339","0.1811"
"16-Crude petroleum","8-No domestic mode","284115.5419","294426.704","299909.9255","300489.2386","208641.3179","192328.9737","136037.5186","103734.4386","105619.2987","111044.4307","138610.8161","123807.8268","114127.3539","104661.1852","96844.0644","88695.6725"
"17-Gasoline","1-Truck","536812.7887","640590.4542","637856.2696","775608.2334","912366.3415","925997.1599","928791.0234","775686.4901","857477.8487","881409.636","839905.1942","798681.3682","768272.5832","741533.2587","718161.4197","698834.1221"
"17-Gasoline","2-Rail","5011.8191","7541.4089","11139.7235","24534.2755","29772.3173","31554.5762","34707.4138","32902.6277","36521.4787","35393.8926","29759.6353","31850.9058","34100.1058","36366.8173","38859.1358","41138.8823"
"17-Gasoline","3-Water","73693.1143","71564.6077","52772.3223","72240.1372","74550.5328","73440.4259","74263.4879","58852.5507","66070.436","65500.968","70778.4105","70655.7991","70302.9075","70511.7359","71388.1222","72983.0342"
"17-Gasoline","4-Air (include truck-air)","2.7271","0.9446","131.7406","30.9811","2.9803","3.521","2.7683","2.6142","2.6765","2.5477","3.1521","3.1989","3.2395","3.3038","3.3939","3.5123"
"17-Gasoline","5-Multiple modes & mail","26941.84","11687.9127","28993.8332","11827.5527","29279.1267","27547.8821","27481.5921","25219.2869","27730.4988","26703.9433","28218.0782","29842.7701","32140.6826","34425.4681","36605.8322","38944.995"
"17-Gasoline","6-Pipeline","313084.887","354525.081","357894.209","357088.1457","430366.3467","441595.3021","437395.1047","356788.3994","393643.1394","410388.4687","411141.1302","397581.3071","382429.784","367978.4924","354848.9505","344028.8976"
"17-Gasoline","7-Other and unknown","20.426","321.204","314.7199","0.3123","2.1967","0.1461","0.1382","0.1276","0.2204","0.2899","2.4986","2.7318","2.9684","3.2475","3.5719","3.946"
"18-Fuel oils","1-Truck","266897.9168","295918.3634","379846.9213","503418.638","671435.4952","662685.6962","656798.6601","585318.9837","579161.1898","619213.093","642260.9689","630653.4806","624383.2687","622226.9344","625871.9911","634306.3553"
"18-Fuel oils","2-Rail","6790.8859","5729.7521","3864.1076","19694.3914","27562.8216","27940.5312","29368.1521","27798.7137","26472.2104","26929.9985","25737.3096","26588.2879","27371.1655","28379.9245","29610.6903","31370.3783"
"18-Fuel oils","3-Water","50302.712","76039.0358","96630.0936","154753.6624","139953.6954","124162.7071","130548.7948","109401.5979","109816.1437","128155.5042","134716.8382","137245.048","139904.1576","143807.9605","149358.1491","156745.7591"
"18-Fuel oils","4-Air (include truck-air)","0.2105","0","166.8917","33.4411","1.4481","5.9072","5.9711","6.557","3.5931","2.4752","1.9279","1.9915","2.075","2.1802","2.3114","2.4721"
"18-Fuel oils","5-Multiple modes & mail","19450.5649","9411.4627","48349.9605","11717.2937","26739.8092","20623.5918","20361.891","19676.1953","19040.8006","21425.9061","26174.1679","27913.1326","29819.9422","32036.2077","34713.0705","37919.7881"
"18-Fuel oils","6-Pipeline","140242.4624","167092.0542","215596.8344","281250.5871","187076.1619","191871.2095","188038.63","168411.4337","166122.4654","179002.9801","183825.0293","179578.3129","174885.2937","170842.7776","168057.7336","166673.4721"
"18-Fuel oils","7-Other and unknown","0","0.0013","672.8593","3.4988","5.842","0.6024","0.6895","0.6549","0.5713","0.4035","8.9415","9.9654","11.2725","12.7535","14.4314","16.3319"
"19-Natural gas and other fossil products","1-Truck","417499.4211","382374.323","460296.9715","392026.6882","418256.9305","378380.7049","367082.1028","353828.8433","369655.7122","369423.5146","476309.4489","505791.0304","533884.449","565885.0582","605061.1082","648692.6932"
"19-Natural gas and other fossil products","2-Rail","72395.4312","89358.6332","85209.484","52958.5537","72416.4402","122658.1668","138527.272","132666.1188","151312.6379","223001.0808","76872.7788","81150.5197","85187.6283","89874.8069","95915.6148","102585.0242"
"19-Natural gas and other fossil products","3-Water","78731.516","68880.052","64191.376","60313.8937","116026.7244","102940.6527","94405.171","88670.4295","88412.5627","95387.3528","139710.583","150749.8248","161054.1351","172985.5541","187615.0797","204799.5298"
"19-Natural gas and other fossil products","4-Air (include truck-air)","22.6433","16.7568","17.9049","27.1445","47.071","3.4689","2.9715","2.6541","2.9294","2.8515","59.0749","63.2537","67.1021","71.5453","76.6997","82.6164"
"19-Natural gas and other fossil products","5-Multiple modes & mail","23980.7454","16275.5011","41716.0139","5751.799","39672.2988","24543.4003","23365.032","22243.5873","21779.0683","22602.4122","46331.2644","49849.7437","53371.3278","57299.8557","61912.5995","67525.3625"
"19-Natural gas and other fossil products","6-Pipeline","1621471.2509","1580513.538","1748233.7894","1908264.463","2121073.9255","2353021.392","2366934.7945","2298975.5835","2369050.0481","2462853.1965","2454693.2615","2634243.1508","2803201.4626","3002360.9376","3233404.4475","3491412.4626"
"19-Natural gas and other fossil products","7-Other and unknown","2302.8554","1910.5318","3904.204","654.8782","762.6714","23.7092","7.0096","0.0842","0.2807","0.1222","976.0878","1049.672","1117.6652","1195.6961","1285.4269","1388.8513"
"20-Basic chemicals","1-Truck","147299.3091","161569.3582","221321.2149","201495.7143","251719.4636","236894.2025","225709.1589","213554.4435","226087.5841","208503.1449","328793.9711","389723.2787","461093.7576","547055.0354","650293.7549","761155.1328"
"20-Basic chemicals","2-Rail","89969.5428","81893.3821","118330.7025","108800.5037","64887.3552","62609.2693","59942.2951","55870.029","59029.2698","56590.6576","78628.1438","92319.4422","108179.1377","127197.3833","149898.2867","175055.8574"
"20-Basic chemicals","3-Water","43804.7695","48917.3398","50524.6635","50318.5593","75290.7683","72442.046","69634.2824","65469.1041","69862.8258","63907.1974","101300.4971","121102.7464","144346.037","172331.1825","206393.9303","242523.0705"
"20-Basic chemicals","4-Air (include truck-air)","106.3577","191.4819","51.1109","227.0778","106.8277","312.251","348.0532","351.6243","541.8144","509.2243","106.3638","117.599","129.7309","143.9773","160.6048","178.9068"
"20-Basic chemicals","5-Multiple modes & mail","16093.678","14954.4096","23280.1698","7538.9128","52782.6131","51618.891","49679.159","46489.7875","48879.9342","45019.8355","68449.1047","81635.5854","97085.8129","115632.0846","137996.5975","162400.8712"
"20-Basic chemicals","6-Pipeline","29060.1064","78527.3003","49294.3605","33931.5883","38268.0732","37822.7062","36080.8508","34107.373","36064.4152","33012.978","52743.8652","63248.3473","75536.2256","90317.582","108324.777","127376.7654"
"20-Basic chemicals","7-Other and unknown","878.8","830.8278","738.901","6.9876","33.0264","1.7244","1.7175","1.9967","2.4536","2.6678","32.8344","36.1372","40.132","44.8448","50.4421","57.138"
"21-Pharmaceuticals","1-Truck","9124.2905","20243.1212","16296.4075","15135.7023","19918.5694","22255.6903","23029.9832","24706.9956","25026.7644","26955.1494","26507.9788","31361.1132","36987.4579","43673.2073","51664.2754","60743.3512"
"21-Pharmaceuticals","2-Rail","199.5027","390.4748","6.7675","529.3122","1570.4855","1488.2914","1586.1324","1643.557","1425.177","1554.7669","2140.3675","2368.6633","2623.7613","2913.7365","3244.0739","3619.228"
"21-Pharmaceuticals","3-Water","5.8082","2.365","0.6209","313.2075","283.0409","260.2653","216.6321","200.6206","176.924","340.3097","330.6769","355.1669","383.0718","413.8656","448.2119","486.3335"
"21-Pharmaceuticals","4-Air (include truck-air)","111.6139","126.3006","141.5039","195.3607","136.0502","179.9009","199.0774","190.8239","316.1796","304.9877","181.7132","205.7436","232.225","263.8923","299.7332","339.361"
"21-Pharmaceuticals","5-Multiple modes & mail","940.5019","3464.6843","2246.5685","3079.6396","2064.4943","3506.3962","3553.1496","3473.6429","3408.6189","3953.9928","2754.9736","3260.3004","3848.7175","4551.5296","5389.7476","6345.0536"
"21-Pharmaceuticals","7-Other and unknown","1.6411","2.1755","3.5047","0.0369","0.6863","0.8868","0.9218","0.6717","0.5453","0.6434","0.8591","0.9495","1.0548","1.1741","1.3095","1.4631"
"22-Fertilizers","1-Truck","99479.1231","171326.8367","133256.1259","134246.7615","151930.1204","142557.3786","158639.9329","155819.5171","168734.1332","127564.3766","190253.5617","219641.4002","254904.8656","295585.5715","344028.8502","394456.8638"
"22-Fertilizers","2-Rail","69205.4851","103256.0096","46291.4542","68399.1977","29147.0535","28960.0783","29417.4945","29532.9342","32146.2119","28345.1763","39656.3201","46363.2299","54507.3277","64291.9591","76210.2907","90232.7837"
"22-Fertilizers","3-Water","7911.1212","8663.8837","5981.0573","13525.1319","9152.2813","7324.5609","7908.1281","7666.165","8372.8132","7456.085","12805.313","14608.7187","16843.9695","19455.1926","22525.2821","25858.8631"
"22-Fertilizers","4-Air (include truck-air)","12.301","0.9117","3.3671","8.1772","9.0518","19.4195","23.5089","25.838","28.1336","25.4571","9.4725","10.4892","11.6539","13.0461","14.6804","16.5313"
"22-Fertilizers","5-Multiple modes & mail","3737.5622","4247.175","15840.2121","7929.2202","18632.1213","17536.7764","19587.9386","19325.1793","20930.8491","15612.729","23271.9023","26961.6868","31359.7961","36444.8966","42523.7124","48693.069"
"22-Fertilizers","6-Pipeline","0.031","0","0","1995.7358","195.2255","192.4889","217.7994","214.498","231.6335","167.0394","300.6293","347.6043","402.9598","465.8197","540.387","615.914"
"22-Fertilizers","7-Other and unknown","385.1671","492.7017","977.0207","479.1037","13.3675","3.7697","4.0069","3.9426","2.9944","1.2458","13.3162","13.6342","14.0555","14.5303","15.0666","15.6736"
"23-Chemical prods.","1-Truck","95090.9188","114354.1895","129776.7523","103610.5859","127843.84","134919.4512","127208.3467","120728.0484","124495.6218","127014.5933","157391.9454","181704.3814","209799.2783","243062.2274","282543.4693","323998.1256"
"23-Chemical prods.","2-Rail","7084.007","6461.0438","8494.3278","7345.3662","5872.5035","6215.7281","5754.862","5597.007","5793.5267","5921.5055","7022.9171","8044.1036","9189.6205","10534.4175","12071.9533","13808.5069"
"23-Chemical prods.","3-Water","883.7256","387.1709","939.6835","1308.2518","1635.7046","1649.8652","1546.478","1443.7891","1153.6525","1220.3748","1589.0893","1850.0457","2131.0082","2462.7115","2841.2224","3290.1011"
"23-Chemical prods.","4-Air (include truck-air)","254.0293","274.5491","223.4002","208.0243","204.7459","240.6823","227.7289","253.3128","299.6061","257.7361","220.949","249.9388","279.9403","314.4537","353.981","398.7386"
"23-Chemical prods.","5-Multiple modes & mail","4548.4917","4346.623","7790.7316","5378.925","11045.4556","12100.6747","11406.0333","10925.0705","10881.4674","11175.3499","13488.6869","15577.4106","17971.4086","20782.7596","24095.8094","27804.0972"
"23-Chemical prods.","6-Pipeline","436.2629","614.9876","710.51","295.0608","0","0","0","0","0","0","0","0","0","0","0","0"
"23-Chemical prods.","7-Other and unknown","186.2823","215.8248","353.7797","8.9271","22.5949","0.6476","0.5042","1.8731","2.1385","0.9356","32.4263","35.9517","39.5461","43.5696","48.0805","53.146"
"24-Plastics/rubber","1-Truck","114984.7584","121949.4664","156527.8226","147087.0871","192634.1141","201028.7707","204711.0117","198127.3343","180010.4779","190142.0313","246240.4064","284467.566","327411.8666","377301.3772","435484.1329","497182.9035"
"24-Plastics/rubber","2-Rail","28516.0958","35244.2521","47070.8251","55050.6712","36947.4565","38135.7393","38551.1625","37034.195","35989.7731","37021.6245","47373.8705","54893.1706","63164.1482","72796.8055","84063.5185","96441.0346"
"24-Plastics/rubber","3-Water","126.7027","304.1246","94.7139","1662.1947","1436.2219","1316.9538","1447.4229","1498.2071","1673.0944","1611.6487","2278.4217","2674.2846","3106.9748","3619.8964","4226.539","4887.9006"
"24-Plastics/rubber","4-Air (include truck-air)","265.026","123.7994","190.2636","317.685","438.0063","430.3162","400.0488","404.0733","461.5357","398.3648","526.4545","611.2194","703.6498","807.9265","930.768","1066.1403"
"24-Plastics/rubber","5-Multiple modes & mail","7416.2183","7023.6301","20279.1624","16267.3885","49964.5644","51836.8896","52503.9602","50934.9318","45672.4961","48279.5656","63271.1304","73195.8599","84407.7633","97404.4715","112581.3564","129137.1182"
"24-Plastics/rubber","7-Other and unknown","239.6809","321.9342","459.9212","21.9329","593.9942","2.3476","2.4844","1.8222","2.652","1.6409","623.3009","696.6727","777.8722","869.0653","971.5487","1086.7994"
"25-Logs","1-Truck","988368.4563","621401.4991","793871.3547","455687.7858","473321.9014","510063.9461","504047.3968","465028.885","487985.7815","494455.9528","516725.8926","567266.6953","635977.2284","706222.9507","742422.679","759114.0643"
"25-Logs","2-Rail","7655.4914","1699.6953","2723.2877","1354.3555","6467.1668","6093.2463","5412.8292","5097.3058","4852.709","4888.6381","5792.3122","6215.8181","6758.087","7366.7364","7824.1328","8224.4547"
"25-Logs","3-Water","3611.4087","287.3454","7.5281","573.2998","0.7034","10.0687","8.8834","2.1877","0.7709","0.291","0.7182","0.6915","0.7229","0.7345","0.7447","0.7576"
"25-Logs","4-Air (include truck-air)","0.774","0.298","0","0.5522","0.3646","3.3269","3.602","3.736","2.6043","1.9133","0.638","0.6743","0.7128","0.7632","0.8235","0.8953"
"25-Logs","5-Multiple modes & mail","3180.8321","1492.4848","2696.7944","346.2493","1699.2979","1347.0164","1155.9201","1089.1154","1113.0978","1097.45","1491.7666","1658.3434","1845.3031","2050.1815","2227.4494","2412.4743"
"25-Logs","6-Pipeline","0.027","0","0","0","0","0","0","0","0","0","0","0","0","0","0","0"
"25-Logs","7-Other and unknown","1.4622","20.0379","0.54","15.6555","173.4084","0.2859","0.2379","0.2385","0.0349","0.0328","148.4062","159.1061","170.1066","182.15","195.3691","209.9172"
"26-Wood prods.","1-Truck","363140.1926","372123.1679","368329.3911","338902.2587","358323.5429","361378.8944","366728.5789","358040.8947","357557.2037","365892.9783","415257.0709","450166.5635","494632.5575","543414.1711","597362.5077","658676.4137"
"26-Wood prods.","2-Rail","48470.0062","64822.6368","33423.0809","24586.499","30870.1864","30042.988","29197.815","28725.5534","29401.7569","28323.425","35663.3894","37876.3801","40105.6442","42450.304","45094.4348","48011.8372"
"26-Wood prods.","3-Water","2818.8804","566.8755","341.8028","1132.5317","623.5588","374.269","394.2064","599.5771","633.4547","717.2494","1063.4213","1152.5043","1236.3828","1330.3701","1436.5232","1556.2799"
"26-Wood prods.","4-Air (include truck-air)","35.2424","13.1758","33.3954","27.1712","40.5858","28.4192","29.4484","24.1878","24.4715","23.575","43.6329","47.964","51.7944","56.2442","61.37","67.2925"
"26-Wood prods.","5-Multiple modes & mail","7486.0877","6024.901","13403.3392","12461.9853","17438.3044","17598.5504","17433.6586","16985.6911","16911.0297","17517.3937","20014.6492","21280.9146","22956.9297","24755.2004","26723.2304","28896.1863"
"26-Wood prods.","6-Pipeline","0","0","0","0","0","0.0236","0","0","0","0","0","0","0","0","0","0"
"26-Wood prods.","7-Other and unknown","544.9881","565.6846","1209.0928","10.9754","94.5395","4.6585","5.0831","4.1601","3.6185","3.2703","111.1925","122.2114","134.3549","148.0371","163.4761","180.9281"
"27-Newsprint/paper","1-Truck","120219.2616","103735.5565","111934.7733","105553.2691","124577.6867","130248.9381","125178.1618","123479.0748","120944.7092","120155.2608","131115.2752","139268.6531","149283.1452","162580.4026","179185.6231","195368.1251"
"27-Newsprint/paper","2-Rail","42903.4641","37240.5485","32573.0741","29409.2333","21229.9338","22928.9307","21369.8554","20919.123","20692.7598","21265.3825","22172.4969","24204.7769","26259.6217","28765.9459","31893.2332","34760.6986"
"27-Newsprint/paper","3-Water","421.0486","164.1017","179.6355","1262.5186","1056.2527","718.484","665.6435","638.9303","595.4182","647.55","1154.1696","1258.7093","1365.0606","1484.4652","1618.6215","1769.6039"
"27-Newsprint/paper","4-Air (include truck-air)","44.588","10.1107","8.9375","31.2746","46.4006","29.722","29.24","26.2271","36.5892","26.5603","59.3305","65.0154","70.7255","77.5037","84.8814","93.2991"
"27-Newsprint/paper","5-Multiple modes & mail","6909.2222","5400.2374","17753.7947","8263.4376","22942.0676","24125.1138","23116.9824","22729.9583","22219.9133","21816.5588","24081.5352","25561.1951","27437.3179","29865.0526","32982.3822","35859.379"
"27-Newsprint/paper","6-Pipeline","0","0","0","0","306.1519","313.8429","322.8459","311.532","288.7527","306.4336","118.708","138.3988","153.5745","169.3188","189.0525","205.4922"
"27-Newsprint/paper","7-Other and unknown","466.5777","482.6361","435.4255","5.1401","62.195","0.5981","0.4885","0.6629","0.4203","0.3851","24.6917","28.2924","30.8231","34.9014","41.1741","46.0639"
"28-Paper articles","1-Truck","85104.2826","83145.9803","93378.8464","73792.6494","81010.2581","84801.0628","81968.913","83526.611","85967.8261","83004.4712","95292.0807","103071.3497","111303.5911","120323.1056","130271.0558","141541.5705"
"28-Paper articles","2-Rail","6723.1211","7933.4213","8597.5444","3232.0336","1495.0549","1731.536","1523.3836","1558.416","1572.2845","1522.4954","1942.496","2083.6582","2235.4545","2403.4601","2586.9357","2794.4339"
"28-Paper articles","3-Water","192.6041","84.5557","365.749","145.1487","257.9296","289.1445","267.9203","280.5567","280.7315","293.8655","297.7827","322.6331","351.4266","384.0862","421.1907","457.2061"
"28-Paper articles","4-Air (include truck-air)","155.736","34.2604","37.4289","21.7758","37.5909","36.6772","34.1717","33.9374","39.1716","33.1929","46.5328","50.5939","54.8342","59.4912","64.5235","70.1861"
"28-Paper articles","5-Multiple modes & mail","1262.6047","1478.4652","2530.2476","1654.9851","3772.2278","4179.2601","4071.2888","4139.5591","4222.5381","4106.0285","4478.1687","4874.8511","5290.3768","5744.4092","6239.1166","6802.4897"
"28-Paper articles","7-Other and unknown","191.9637","217.6617","291.2948","0.6929","57.7427","1.7287","1.6678","1.6194","4.0334","3.1984","56.5153","59.5028","62.5606","65.9578","69.7258","73.9017"
"29-Printed prods.","1-Truck","105631.0983","65663.3403","51499.8573","36829.0978","28766.9779","32888.9979","32263.8535","30900.0835","30515.4346","29738.5336","26308.3692","26782.434","27378.5075","28055.9876","28840.835","29790.5607"
"29-Printed prods.","2-Rail","183.5855","487.1655","360.9844","216.6572","198.9587","530.0567","557.3871","477.9182","456.4805","504.4611","205.8549","214.3758","225.1212","237.9436","252.2437","265.9564"
"29-Printed prods.","3-Water","30.8523","1.4287","0.0665","95.4714","36.8506","88.0684","106.5896","88.8827","84.6067","87.8214","36.5617","38.2274","40.4992","43.2555","46.3078","49.1297"
"29-Printed prods.","4-Air (include truck-air)","421.4953","240.6166","120.0724","126.9362","89.6464","69.8309","63.6082","55.7437","63.9016","53.9959","83.8223","87.7539","93.3447","100.6068","108.6824","117.0691"
"29-Printed prods.","5-Multiple modes & mail","4613.1692","2838.806","3450.3876","2986.7708","2355.8328","2935.9089","2883.0617","2763.1596","2739.6953","2693.2193","2141.6819","2180.9765","2227.2126","2282.2247","2348.9525","2428.7293"
"29-Printed prods.","7-Other and unknown","18.785","29.4058","43.1449","1.3748","15.1239","0.2303","0.0807","0.0527","0.0878","0.0475","16.3979","19.3586","23.2077","27.966","33.72","39.2019"
"30-Textiles/leather","1-Truck","50367.2625","58099.228","53816.5361","50277.9518","53543.1109","56226.7093","54677.8328","50530.637","51017.1018","54157.4427","64247.1708","71538.2811","80236.4007","90625.62","103069.8103","115851.7124"
"30-Textiles/leather","2-Rail","388.9529","325.5657","851.0287","757.6538","1568.7778","1856.6985","1720.9437","1575.729","1513.9788","1730.3602","1958.7288","2195.738","2532.0818","2932.7048","3405.8645","3905.0823"
"30-Textiles/leather","3-Water","79.6056","6.3617","17.2094","609.8773","406.2346","339.557","318.7941","256.7943","287.5955","328.6271","498.5476","502.8899","589.785","693.5046","817.4444","955.9696"
"30-Textiles/leather","4-Air (include truck-air)","613.1325","356.6895","338.8079","411.0475","370.8236","244.6997","221.201","292.5769","235.8107","196.7906","468.3187","541.0944","626.4932","728.6181","850.7566","975.9738"
"30-Textiles/leather","5-Multiple modes & mail","4700.2491","7260.5144","8080.8905","8371.5769","7771.7347","8678.25","8211.3338","7666.5356","7604.8991","8109.5756","9462.6266","10570.1789","11932.7869","13545.5522","15474.5066","17506.2217"
"30-Textiles/leather","6-Pipeline","0","0","0","0","0","0","0.0005","0","0","0","0","0","0","0","0","0"
"30-Textiles/leather","7-Other and unknown","142.0198","237.3132","385.9143","4.5224","49.3414","0.1898","0.2978","0.427","0.1831","0.1507","30.7798","37.5983","45.7727","56.926","71.6569","82.8264"
"31-Nonmetal min. prods.","1-Truck","1007025.0733","1068665.3837","1339820.3205","888337.2129","1208519.9572","1227849.7516","1229545.0788","1208446.4693","1203690.7786","1191858.9561","1244795.0823","1326344.9094","1430337.8393","1543387.9844","1668065.2779","1804525.2047"
"31-Nonmetal min. prods.","2-Rail","22710.7538","36198.3218","23513.8916","35100.6095","34341.4311","38503.799","38474.1626","37253.6095","38266.0721","39013.3347","36148.3203","38166.7634","40947.8115","44095.8667","47710.1165","51726.9302"
"31-Nonmetal min. prods.","3-Water","8229.8553","10071.8431","16569.2901","9576.8656","8466.2512","9168.377","9120.059","9141.697","8905.9993","9320.4538","8778.3836","9119.3736","9704.208","10531.4016","11515.3074","12529.3973"
"31-Nonmetal min. prods.","4-Air (include truck-air)","387.1676","67.2835","158.4508","91.6405","517.2401","615.0684","581.4848","555.9992","582.2261","530.9023","511.7398","537.5986","570.0209","603.5476","647.8387","696.5372"
"31-Nonmetal min. prods.","5-Multiple modes & mail","10533.7611","10735.8106","19065.8403","18275.896","23429.1502","27563.7119","27439.7366","27172.9369","26745.7718","27330.2346","23755.7815","25234.2897","27346.4705","29855.7284","32568.9557","35399.5157"
"31-Nonmetal min. prods.","6-Pipeline","0","0","0","0","18.0006","17.9083","17.9513","17.62","17.5233","17.2449","19.0932","20.4034","22.2297","24.1461","26.3028","28.6174"
"31-Nonmetal min. prods.","7-Other and unknown","288.1775","605.2747","1229.6997","8.8429","0.3179","2.2763","1.1565","1.8892","2.2343","1.8675","0.1873","0.1987","0.2155","0.2359","0.2602","0.2889"
"32-Base metals","1-Truck","317629.3129","307328.4243","334343.5526","282331.5588","299862.2541","304331.3056","289296.6155","260449.6111","182661.2009","242313.5911","317737.7784","327233.2488","338187.0866","350578.0939","364552.7808","381512.5667"
"32-Base metals","2-Rail","57273.552","49733.3935","57155.5934","44608.0865","35238.8081","34040.2755","31612.6798","28303.262","24132.0118","29717.7041","35054.3088","36640.4612","38260.8204","40172.9599","42387.5342","45050.421"
"32-Base metals","3-Water","2279.1395","9233.8133","3586.1718","5182.9867","12590.7674","12408.2126","11432.6901","9567.0478","8347.6378","10785.8047","13322.9933","14383.3309","15227.7548","16227.7234","17327.0788","18628.2642"
"32-Base metals","4-Air (include truck-air)","528.7264","219.1495","106.4951","159.7946","102.2076","151.6098","143.747","118.7011","84.1231","88.3397","122.9211","132.6513","143.1306","155.1721","168.5804","183.5279"
"32-Base metals","5-Multiple modes & mail","10619.0275","9034.6376","26144.6887","15714.0361","31218.6664","31322.5753","30009.3037","26721.9967","18720.0189","25055.0367","33286.8688","34508.0259","35767.5588","37184.3038","38945.8872","41116.3442"
"32-Base metals","6-Pipeline","0","0.028","0","0","0","0","0","0","0","0","0","0","0","0","0","0"
"32-Base metals","7-Other and unknown","1249.1353","1493.6617","1060.6873","6.9732","18.8602","0.8115","0.4321","0.3411","0.26","0.2271","12.494","13.4654","14.527","15.6222","16.9805","18.5769"
"33-Articles-base metal","1-Truck","214491.9345","184961.5021","186711.7332","122838.6918","143672.588","154538.8569","150425.5634","138005.7363","133244.234","128998.8841","152568.3171","162591.8032","173244.1652","184748.7456","197323.5195","211814.5954"
"33-Articles-base metal","2-Rail","7113.4266","6363.1791","8761.189","6939.3163","7602.291","7849.5773","7555.8661","7143.0845","6396.0718","6595.3467","8148.1841","8835.103","9556.236","10350.5353","11255.1364","12280.8547"
"33-Articles-base metal","3-Water","207.5512","322.8139","86.1318","927.7211","999.0562","941.4808","906.0622","868.7923","617.3429","768.2231","1052.3235","1164.5048","1277.8491","1401.6865","1538.0437","1686.7898"
"33-Articles-base metal","4-Air (include truck-air)","464.4157","166.1679","167.6293","294.5089","235.3642","238.5514","237.9994","177.3938","191.859","155.3554","229.3868","256.3825","285.0696","317.9091","355.0248","397.794"
"33-Articles-base metal","5-Multiple modes & mail","4032.3676","3953.2091","9259.9467","8517.6332","8949.6645","10439.144","9877.6773","9198.7303","8618.3395","8740.7944","9494.757","10153.5497","10846.495","11597.4494","12392.9957","13296.8327"
"33-Articles-base metal","6-Pipeline","0","0.001","0","0","0","0","0","0","0","0","0","0","0","0","0","0"
"33-Articles-base metal","7-Other and unknown","237.9385","382.864","602.5435","9.7736","73.0237","2.4018","1.6691","3.2531","3.376","2.5492","76.2666","90.0982","105.5053","124.2675","147.2489","175.5756"
"34-Machinery","1-Truck","71346.7584","89549.4374","97651.0796","105958.2371","118887.8533","131605.6192","128047.8148","114377.8685","123493.2438","124566.7688","133961.1337","148465.1624","163359.5623","180006.3473","198688.4911","219991.7349"
"34-Machinery","2-Rail","1527.7314","2461.6511","1499.7244","2852.6381","5191.5104","5207.2979","4814.6625","4232.6374","4737.5933","4999.4403","6149.874","6999.5053","7843.9605","8824.5804","9961.6389","11278.1232"
"34-Machinery","3-Water","15.8882","41.7463","21.1621","1341.7044","1982.5358","687.8683","557.5494","537.3949","499.2218","441.9805","3039.2065","3440.0127","3822.0761","4259.562","4761.1359","5335.5499"
"34-Machinery","4-Air (include truck-air)","1315.0715","454.9976","640.8651","766.8488","673.0733","704.4302","642.3626","533.3383","653.5244","556.6029","688.421","783.2681","878.3355","988.6707","1115.21","1262.4518"
"34-Machinery","5-Multiple modes & mail","4845.0961","4669.3561","8525.3082","10147.7221","6222.0971","8760.3386","8340.4842","7812.9425","8282.2285","8565.385","6925.5659","7823.8933","8746.6804","9800.1798","11000.8504","12392.0475"
"34-Machinery","7-Other and unknown","330.1244","313.6991","602.0327","20.3442","49.3959","0.7273","0.4697","0.9493","1.2257","0.8314","44.1108","49.1447","54.0454","59.7665","66.4406","74.2293"
"35-Electronics","1-Truck","48654.124","63247.2367","68619.9944","61160.7495","73310.8776","89187.5193","86493.074","85907.9507","88086.2312","93513.5242","87893.3213","97627.9006","108557.9175","121143.8096","135699.2496","151884.7543"
"35-Electronics","2-Rail","505.2331","768.3026","866.0112","781.724","1474.9777","2447.7883","2400.223","2410.0484","2195.1201","2471.2066","1791.7197","2052.7806","2346.2276","2695.1217","3109.8926","3577.1863"
"35-Electronics","3-Water","109.749","39.8327","52.834","911.4446","388.4292","688.838","611.2722","650.5275","495.0847","630.036","464.8801","534.8225","616.4204","713.1857","828.0108","956.4584"
"35-Electronics","4-Air (include truck-air)","1341.0545","699.1273","847.8746","1188.3631","1046.6365","782.6239","711.4313","758.8196","945.4727","884.9974","1180.912","1337.0695","1512.4469","1719.5068","1963.0092","2240.6228"
"35-Electronics","5-Multiple modes & mail","5082.8214","7152.8136","8070.8433","7876.7815","6816.4678","8728.4732","8323.9049","8453.6576","8597.0257","9269.5704","7988.6226","8862.4023","9876.6383","11067.2009","12442.5053","13925.9704"
"35-Electronics","7-Other and unknown","368.7695","638.1905","675.1571","21.7522","21.9004","5.291","7.1261","17.9793","0.9436","1.2389","24.0778","26.6648","29.5071","32.9668","37.1316","42.1042"
"36-Motorized vehicles","1-Truck","102999.2497","140393.4512","160872.8312","135040.0755","175904.297","195486.7637","191668.7528","167860.2081","175866.9066","187372.6274","207145.0793","227817.0984","247314.094","269267.2434","293919.5052","322211.5056"
"36-Motorized vehicles","2-Rail","18830.7871","22034.4396","17098.6187","12481.1725","14784.291","17101.4594","17655.2531","15335.339","15091.495","15443.4713","15853.2491","18354.6008","20738.4048","23513.5561","26721.9255","30456.3368"
"36-Motorized vehicles","3-Water","25.256","124.0466","37.8671","1297.2793","1045.569","1213.4383","1043.3649","887.6664","880.3767","957.8393","1248.7157","1440.7323","1634.0731","1855.7091","2109.8255","2401.9084"
"36-Motorized vehicles","4-Air (include truck-air)","517.2688","182.0546","219.1465","436.9055","267.857","218.7664","194.6202","176.4267","212.4419","211.1262","272.5587","311.3115","351.3824","398.4695","453.0445","514.6589"
"36-Motorized vehicles","5-Multiple modes & mail","8708.4645","7798.9151","12416.3653","15014.7135","14171.6197","15819.2178","14955.6435","13222.7337","13703.6681","14818.5056","16113.2631","17761.697","19080.965","20604.2177","22380.2987","24423.8192"
"36-Motorized vehicles","7-Other and unknown","557.1817","887.3606","1278.0795","91.8413","364.058","5.2522","18.0024","17.7103","1.2123","2.6752","515.6672","618.6766","732.4116","869.5744","1034.4522","1223.1415"
"37-Transport equip.","1-Truck","4073.0087","4169.5232","5669.0936","5473.5753","5534.6501","9831.925","9187.2858","5129.81","6853.3001","7018.839","5064.5396","5472.8972","5930.4113","6480.0162","7131.7839","7852.1685"
"37-Transport equip.","2-Rail","1807.8231","735.9937","1400.5494","2017.0305","2290.5434","3285.6801","3519.2297","2195.1814","2741.8423","2912.4985","2057.0994","2238.4294","2460.4414","2716.8801","3019.6424","3359.4517"
"37-Transport equip.","3-Water","84.6811","133.3006","413.3228","1325.7748","258.5229","537.7294","321.0357","248.016","303.4848","264.7001","254.2043","260.7251","268.6121","278.8042","291.0046","308.6902"
"37-Transport equip.","4-Air (include truck-air)","129.4525","27.5851","100.8488","1097.0191","200.7848","181.7403","168.0141","120.2256","135.2817","130.7213","223.4407","254.7909","288.0601","326.6631","371.6369","414.9424"
"37-Transport equip.","5-Multiple modes & mail","311.3204","118.4989","730.9079","1045.8861","801.2513","1151.8644","903.8183","626.5622","824.8777","827.0952","852.3263","943.1521","1051.0945","1174.0948","1319.0984","1479.2923"
"37-Transport equip.","7-Other and unknown","19.1316","28.9035","96.4657","648.1285","76.375","273.7429","98.7766","30.8731","70.2499","70.1578","73.9441","86.2911","99.5711","115.4752","134.5717","154.0452"
"38-Precision instruments","1-Truck","4922.7776","19617.7603","5506.9881","6120.6366","8732.0854","12679.3374","12337.8444","12324.367","12017.5629","11913.2893","11756.4052","13342.5716","15089.8959","17067.3087","19372.6691","21939.6173"
"38-Precision instruments","2-Rail","50.0374","15.6022","27.2097","138.9918","138.1202","382.296","353.8835","498.3028","500.0493","514.0596","178.1088","208.6285","240.7794","278.4319","322.6283","373.8914"
"38-Precision instruments","3-Water","3.6394","2.758","0.9301","138.5874","31.4886","183.7377","119.0815","165.1794","136.5741","124.7546","38.9328","45.3169","52.0192","60.0939","69.3249","80.1557"
"38-Precision instruments","4-Air (include truck-air)","357.4983","155.163","237.6574","467.6315","391.1844","337.8839","323.5577","306.4649","349.335","319.3732","464.9996","530.7898","599.7021","678.2925","768.0637","870.5532"
"38-Precision instruments","5-Multiple modes & mail","864.4814","940.7617","1663.4165","3131.8559","1530.3007","2311.7183","2285.5857","2304.9252","2220.4077","2149.0938","2088.5373","2379.8629","2705.7803","3076.4904","3510.5977","3997.1885"
"38-Precision instruments","7-Other and unknown","38.4372","15.3689","23.0232","7.3134","7.3134","0.952","1.6323","1.4864","0.2516","0.3765","8.0039","8.8075","9.6697","10.6482","11.7602","13.0257"
"39-Furniture","1-Truck","63617.4879","69982.3154","66578.6082","74064.9467","64675.2506","61361.2247","57001.1565","52555.7081","51031.4653","53218.8623","73339.9212","81877.6576","90890.7455","100971.9505","112393.002","125035.0495"
"39-Furniture","2-Rail","234.2853","412.7379","341.7218","507.9781","963.95","741.6846","637.1368","686.9703","666.4792","741.9079","1064.213","1257.1193","1456.8377","1689.2816","1960.9156","2268.9701"
"39-Furniture","3-Water","2.3242","1.585","1.5927","467.7929","403.5162","198.8787","171.2123","180.7461","189.3196","192.0244","508.1029","600.5977","696.6282","808.1806","939.2107","1085.7028"
"39-Furniture","4-Air (include truck-air)","72.3115","25.832","46.9658","71.7593","109.1166","86.9671","79.0792","62.1984","63.6177","60.1518","113.53","130.7726","149.034","170.1176","194.9015","223.3864"
"39-Furniture","5-Multiple modes & mail","1280.0267","2704.6948","3886.751","3888.9627","3339.5517","2859.6544","2640.27","2531.8328","2439.7883","2514.1399","3476.3636","3959.0752","4469.3557","5049.2583","5720.037","6472.1233"
"39-Furniture","7-Other and unknown","88.2671","142.579","278.638","8.4314","6.1655","1.5364","1.4029","0.7234","1.047","0.8751","8.416","9.9079","11.4911","13.3433","15.4713","17.5867"
"40-Misc. mfg. prods.","1-Truck","124581.2736","89989.2353","108595.147","90624.5929","98327.7432","100640.7701","98661.3184","99243.0187","100693.2627","95431.9815","135380.3635","155989.1295","179463.1915","207041.403","239053.5702","272994.5631"
"40-Misc. mfg. prods.","2-Rail","1569.1657","670.5928","728.1195","963.7952","858.0457","1218.5713","1130.7464","1075.2955","954.4935","1008.6449","1052.3363","1159.7402","1284.9859","1427.9248","1588.1697","1762.6757"
"40-Misc. mfg. prods.","3-Water","17.6504","1718.8786","13.4116","371.3863","188.4476","172.9442","179.2202","176.084","209.7446","223.7547","332.1597","374.9942","422.0862","476.3251","538.5704","610.5337"
"40-Misc. mfg. prods.","4-Air (include truck-air)","365.0999","209.7831","311.2243","226.0715","167.7206","190.0734","195.9159","169.9434","200.0572","159.6678","202.2295","224.4399","250.1976","279.8823","313.2913","350.8065"
"40-Misc. mfg. prods.","5-Multiple modes & mail","5854.336","5514.0483","7871.7012","6424.0935","8174.673","8612.9646","8343.5045","8374.8833","8693.9859","8108.6921","11101.0642","12717.2272","14589.1465","16781.8127","19370.9777","22191.4072"
"40-Misc. mfg. prods.","6-Pipeline","0","0.002","0","0","0","0","0","0","0","0","0","0","0","0","0","0"
"40-Misc. mfg. prods.","7-Other and unknown","88.1443","124.8214","152.5927","70.071","99.7911","4.7673","3.7055","2.2438","1.4719","3.8269","119.0985","127.9952","138.7181","150.7646","164.3189","179.5984"
"41-Waste/scrap","1-Truck","267034.0845","268241.547","425710.7325","552744.2264","630615.8235","617218.254","619160.5097","620687.9049","624783.4149","630281.9956","575412.2399","589648.2918","613664.3972","650308.1589","696165.8498","748384.294"
"41-Waste/scrap","2-Rail","49743.7706","78228.1186","44873.2446","38880.9101","39050.6894","35782.2783","35522.8062","35559.8934","36441.1504","37291.9774","36191.795","38479.0426","41323.6433","45115.5953","49719.2883","55149.7608"
"41-Waste/scrap","3-Water","3582.7853","11811.28","3938.7329","9963.0581","14360.1842","12912.4329","12929.3994","12926.6408","13253.7842","13301.0864","13742.5567","14233.8832","15000.5549","15985.756","17458.1825","19123.6912"
"41-Waste/scrap","4-Air (include truck-air)","1.4859","3.3506","0","18.9329","11.8","234.4639","367.0405","578.0233","485.2068","1593.5858","10.2022","11.1959","12.2912","13.6218","15.2323","17.1568"
"41-Waste/scrap","5-Multiple modes & mail","7952.5395","13143.337","21696.2085","16539.6356","19287.0828","15574.2265","15911.5146","15927.1548","15822.0587","16144.8889","17361.384","18593.6536","20099.5391","22012.8275","24381.6816","27369.8822"
"41-Waste/scrap","6-Pipeline","0","0.4699","0","0","0","0","0","0","0","0","0","0","0","0","0","0"
"41-Waste/scrap","7-Other and unknown","45.7505","50.1811","18.2793","298.6765","184.3261","5.9541","49.2457","6.0542","3.3871","5.649","49.2389","56.2304","64.2189","74.0065","86.6572","101.9566"
"43-Mixed freight","1-Truck","144968.4147","313220.0479","342796.9309","383745.3552","424862.7156","434720.2151","427944.798","425963.5273","427928.8186","417270.5194","478994.0282","532250.413","589093.2869","651463.3418","730387.1475","806704.7903"
"43-Mixed freight","2-Rail","370.6633","1330.1308","1105.5115","1269.8534","1163.0123","926.0901","949.5356","820.3796","867.7378","1101.5359","1331.1765","1516.4075","1711.0576","1936.4015","2207.4021","2513.2749"
"43-Mixed freight","3-Water","7.5534","86.2828","119.9196","686.7335","2859.1015","260.9855","334.4983","217.2936","280.6501","244.6121","3299.5554","3863.023","4491.2471","5243.7142","6168.6355","7179.3214"
"43-Mixed freight","4-Air (include truck-air)","118.8592","392.159","133.4296","80.0201","531.9302","495.5471","459.7337","471.8457","521.4214","478.4641","600.7236","689.5109","782.3294","888.2834","1021.4689","1136.3771"
"43-Mixed freight","5-Multiple modes & mail","839.0316","3833.5121","4663.8933","5864.2195","10042.6842","5627.5667","5655.3442","5645.1875","5606.8347","5500.0692","11550.0036","13024.2693","14609.2487","16419.9243","18605.1687","20872.916"
"43-Mixed freight","7-Other and unknown","43.5735","102.1354","203.9582","2133.0832","4776.7926","6634.8378","6162.3665","6961.7327","7327.7594","6001.5791","5061.4315","5813.307","6623.7305","7586.9476","8740.3537","10094.5436"
